{
    "test": {
        "awscloudformation": {
            "AuthRoleName": "amplify-amplifyrn-test-211624-authRole",
            "UnauthRoleArn": "arn:aws:iam::410996885055:role/amplify-amplifyrn-test-211624-unauthRole",
            "AuthRoleArn": "arn:aws:iam::410996885055:role/amplify-amplifyrn-test-211624-authRole",
            "Region": "us-east-1",
            "DeploymentBucketName": "amplify-amplifyrn-test-211624-deployment",
            "UnauthRoleName": "amplify-amplifyrn-test-211624-unauthRole",
            "StackName": "amplify-amplifyrn-test-211624",
            "StackId": "arn:aws:cloudformation:us-east-1:410996885055:stack/amplify-amplifyrn-test-211624/aeedf9d0-558e-11ea-87f9-0e2d599e16c7",
            "AmplifyAppId": "d3saw5vlu5juhw"
        }
    }
}