{
  "migrations": [
    {
      "version": "15.7.0-beta.0",
      "description": "Split global configuration files into individual project.json files. This migration has been added automatically to the beginning of your migration set to retroactively make them work with the new version of Nx.",
      "cli": "nx",
      "implementation": "./src/migrations/update-15-7-0/split-configuration-into-project-json-files",
      "package": "@nx/workspace",
      "name": "15-7-0-split-configuration-into-project-json-files"
    },
    {
      "cli": "nx",
      "version": "15.8.2-beta.0",
      "description": "Updates the nx wrapper.",
      "implementation": "./src/migrations/update-15-8-2/update-nxw",
      "package": "nx",
      "name": "15.8.2-update-nx-wrapper"
    },
    {
      "cli": "nx",
      "version": "16.0.0-beta.0",
      "description": "Remove @nrwl/cli.",
      "implementation": "./src/migrations/update-16-0-0/remove-nrwl-cli",
      "package": "nx",
      "name": "16.0.0-remove-nrwl-cli"
    },
    {
      "cli": "nx",
      "version": "16.0.0-beta.9",
      "description": "Replace `dependsOn.projects` and `inputs` definitions with new configuration format.",
      "implementation": "./src/migrations/update-16-0-0/update-depends-on-to-tokens",
      "package": "nx",
      "name": "16.0.0-tokens-for-depends-on"
    },
    {
      "cli": "nx",
      "version": "16.0.0-beta.0",
      "description": "Replace @nrwl/nx-cloud with nx-cloud",
      "implementation": "./src/migrations/update-16-0-0/update-nx-cloud-runner",
      "package": "nx",
      "name": "16.0.0-update-nx-cloud-runner"
    },
    {
      "cli": "nx",
      "version": "16.2.0-beta.0",
      "description": "Remove outputPath from run commands",
      "implementation": "./src/migrations/update-16-2-0/remove-run-commands-output-path",
      "package": "nx",
      "name": "16.2.0-remove-output-path-from-run-commands"
    },
    {
      "version": "15.7.0-beta.0",
      "description": "Split global configuration files (e.g., workspace.json) into individual project.json files.",
      "cli": "nx",
      "implementation": "./src/migrations/update-15-7-0/split-configuration-into-project-json-files",
      "package": "@nx/workspace",
      "name": "15-7-0-split-configuration-into-project-json-files"
    },
    {
      "cli": "nx",
      "version": "16.0.0-beta.1",
      "description": "Replace @nx/workspace with @nx/workspace",
      "implementation": "./src/migrations/update-16-0-0-add-nx-packages/update-16-0-0-add-nx-packages",
      "package": "@nx/workspace",
      "name": "update-16-0-0-add-nx-packages"
    },
    {
      "version": "16.0.0-beta.4",
      "description": "Generates a plugin called 'workspace-plugin' containing your workspace generators.",
      "cli": "nx",
      "implementation": "./src/migrations/update-16-0-0/move-workspace-generators-to-local-plugin",
      "package": "@nx/workspace",
      "name": "16-0-0-move-workspace-generators-into-local-plugin"
    },
    {
      "version": "16.0.0-beta.9",
      "description": "Fix .babelrc presets if it contains an invalid entry for @nx/web/babel.",
      "cli": "nx",
      "implementation": "./src/migrations/update-16-0-0/fix-invalid-babelrc",
      "package": "@nx/workspace",
      "name": "16-0-0-fix-invalid-babelrc"
    },
    {
      "cli": "nx",
      "version": "15.8.0-beta.0",
      "description": "Rename .lib.swcrc to .swcrc for better SWC support throughout the workspace",
      "factory": "./src/migrations/update-15-8-0/rename-swcrc-config",
      "package": "@nx/js",
      "name": "rename-swcrc-config"
    },
    {
      "cli": "nx",
      "version": "16.0.0-beta.1",
      "description": "Replace @nx/js with @nx/js",
      "implementation": "./src/migrations/update-16-0-0-add-nx-packages/update-16-0-0-add-nx-packages",
      "package": "@nx/js",
      "name": "update-16-0-0-add-nx-packages"
    },
    {
      "cli": "nx",
      "version": "15.7.1-beta.0",
      "description": "Add node_modules to root eslint ignore",
      "factory": "./src/migrations/update-15-7-1/add-eslint-ignore",
      "package": "@nx/linter",
      "name": "add-eslint-ignore"
    },
    {
      "cli": "nx",
      "version": "16.0.0-beta.1",
      "description": "Replace @nx/linter with @nx/linter",
      "implementation": "./src/migrations/update-16-0-0-add-nx-packages/update-16-0-0-add-nx-packages",
      "package": "@nx/linter",
      "name": "update-16-0-0-add-nx-packages"
    },
    {
      "cli": "nx",
      "version": "16.0.0-beta.1",
      "description": "Replace @nx/eslint-plugin with @nx/eslint-plugin",
      "implementation": "./src/migrations/update-16-0-0-add-nx-packages/update-16-0-0-add-nx-packages",
      "package": "@nx/eslint-plugin",
      "name": "update-16-0-0-add-nx-packages"
    },
    {
      "version": "15.8.0-beta.0",
      "cli": "nx",
      "description": "Update jest configs to support jest 29 changes (https://jestjs.io/docs/upgrading-to-jest29)",
      "factory": "./src/migrations/update-15-8-0/update-configs-jest-29",
      "package": "@nx/jest",
      "name": "update-configs-jest-29"
    },
    {
      "version": "15.8.0-beta.0",
      "cli": "nx",
      "description": "Update jest test files to support jest 29 changes (https://jestjs.io/docs/upgrading-to-jest29)",
      "factory": "./src/migrations/update-15-8-0/update-tests-jest-29",
      "package": "@nx/jest",
      "name": "update-tests-jest-29"
    },
    {
      "cli": "nx",
      "version": "16.0.0-beta.1",
      "description": "Replace @nx/jest with @nx/jest",
      "implementation": "./src/migrations/update-16-0-0-add-nx-packages/update-16-0-0-add-nx-packages",
      "package": "@nx/jest",
      "name": "update-16-0-0-add-nx-packages"
    },
    {
      "cli": "nx",
      "version": "16.5.0-beta.2",
      "description": "Add test-setup.ts to ignored files in production input",
      "implementation": "./src/migrations/update-16-5-0/add-test-setup-to-inputs-ignore",
      "package": "@nx/jest",
      "name": "add-test-setup-to-inputs-ignore"
    },
    {
      "cli": "nx",
      "version": "16.0.0-beta.1",
      "description": "Replace @nx/node with @nx/node",
      "implementation": "./src/migrations/update-16-0-0-add-nx-packages/update-16-0-0-add-nx-packages",
      "package": "@nx/node",
      "name": "update-16-0-0-add-nx-packages"
    },
    {
      "cli": "nx",
      "version": "16.0.0-beta.5",
      "description": "Replace @nx/node:webpack with @nx/node:webpack",
      "implementation": "./src/migrations/update-16-0-0/update-webpack-executor",
      "package": "@nx/node",
      "name": "update-16-0-0-update-executor"
    },
    {
      "cli": "nx",
      "version": "16.3.1-beta.0",
      "description": "Replace @nx/node:webpack and @nx/node:webpack with @nx/webpack:webpack for all project targets",
      "implementation": "./src/migrations/update-16-3-1/update-webpack-executor",
      "package": "@nx/node",
      "name": "update-16-3-1-update-executor"
    },
    {
      "cli": "nx",
      "version": "16.4.0-beta.8",
      "description": "Replace @nx/node:node with @nx/js:node for all project targets",
      "implementation": "./src/migrations/update-16-4-0/replace-node-executor",
      "package": "@nx/node",
      "name": "update-16-4-0-replace-node-executor"
    },
    {
      "cli": "nx",
      "version": "15.6.3-beta.0",
      "description": "Creates or updates webpack.config.js file with the new options for webpack.",
      "factory": "./src/migrations/update-15-6-3/webpack-config-setup",
      "package": "@nx/webpack",
      "name": "webpack-config-setup"
    },
    {
      "cli": "nx",
      "version": "15.7.2-beta.0",
      "description": "Add the babelUpwardRootMode option to the build executor options.",
      "factory": "./src/migrations/update-15-7-2/add-babelUpwardRootMode-flag",
      "package": "@nx/webpack",
      "name": "add-babelUpwardRootMode-flag"
    },
    {
      "cli": "nx",
      "version": "16.0.0-beta.1",
      "description": "Replace @nx/webpack with @nx/webpack",
      "implementation": "./src/migrations/update-16-0-0-add-nx-packages/update-16-0-0-add-nx-packages",
      "package": "@nx/webpack",
      "name": "update-16-0-0-add-nx-packages"
    },
    {
      "cli": "nx",
      "version": "15.7.0-beta.1",
      "description": "Install the required angular-devkit packages as we do not directly depend on them anymore",
      "factory": "./src/migrations/update-15-7-0/install-required-packages",
      "package": "@nx/angular",
      "name": "install-required-packages"
    },
    {
      "cli": "nx",
      "version": "15.8.0-beta.4",
      "requires": {
        "@angular/core": ">=15.2.0"
      },
      "description": "Update the @angular/cli package version to ~15.2.0.",
      "factory": "./src/migrations/update-15-8-0/update-angular-cli",
      "package": "@nx/angular",
      "name": "update-angular-cli-version-15-2-0"
    },
    {
      "cli": "nx",
      "version": "15.9.0-beta.3",
      "description": "Update the tsconfig.spec.json to use target es2016 for jest-preset-angular v13",
      "factory": "./src/migrations/update-15-9-0/update-testing-tsconfig",
      "package": "@nx/angular",
      "name": "update-tsconfig-spec-jest"
    },
    {
      "cli": "nx",
      "version": "15.9.0-beta.9",
      "description": "Update the file-server executor to use @nrwl/web:file-server",
      "factory": "./src/migrations/update-15-9-0/update-file-server-executor",
      "package": "@nx/angular",
      "name": "update-file-server-executor"
    },
    {
      "cli": "nx",
      "version": "16.0.0-beta.1",
      "description": "Replace the deprecated library generator 'simpleModuleName' option from generator defaults with 'simpleName'",
      "factory": "./src/migrations/update-16-0-0/remove-library-generator-simple-module-name-option",
      "package": "@nx/angular",
      "name": "remove-library-generator-simple-module-name-option"
    },
    {
      "cli": "nx",
      "version": "16.0.0-beta.1",
      "description": "Replace @nx/angular with @nx/angular",
      "implementation": "./src/migrations/update-16-0-0-add-nx-packages/update-16-0-0-add-nx-packages",
      "package": "@nx/angular",
      "name": "update-16-0-0-add-nx-packages"
    },
    {
      "cli": "nx",
      "version": "16.0.0-beta.6",
      "description": "Remove protractor as default e2eTestRunner from nxJson and project configurations",
      "implementation": "./src/migrations/update-16-0-0/remove-protractor-defaults",
      "package": "@nx/angular",
      "name": "remove-protractor-defaults-from-generators"
    },
    {
      "cli": "nx",
      "version": "16.0.0-beta.6",
      "description": "Remove karma as default unitTestRunner from nxJson and project configurations",
      "implementation": "./src/migrations/update-16-0-0/remove-karma-defaults",
      "package": "@nx/angular",
      "name": "remove-karma-defaults-from-generators"
    },
    {
      "cli": "nx",
      "version": "16.1.0-beta.1",
      "requires": {
        "@angular/core": ">=15.0.0"
      },
      "description": "Remove exported `@angular/platform-server` `renderModule` method. The `renderModule` method is now exported by the Angular CLI.",
      "factory": "./src/migrations/update-16-1-0/remove-render-module-platform-server-exports",
      "package": "@nx/angular",
      "name": "remove-render-module-platform-server-exports"
    },
    {
      "cli": "nx",
      "version": "16.1.0-beta.1",
      "requires": {
        "@angular/core": ">=16.0.0-rc.4"
      },
      "description": "Remove 'ngcc' invocation if exists from the 'postinstall' script in package.json.",
      "factory": "./src/migrations/update-16-1-0/remove-ngcc-invocation",
      "package": "@nx/angular",
      "name": "remove-ngcc-invocation"
    },
    {
      "cli": "nx",
      "version": "16.1.0-beta.1",
      "requires": {
        "@angular/core": ">=16.0.0-rc.4"
      },
      "description": "Extract the app config for standalone apps",
      "factory": "./src/migrations/update-16-1-0/extract-standalone-config-from-bootstrap",
      "package": "@nx/angular",
      "name": "extract-app-config-for-standalone"
    },
    {
      "cli": "nx",
      "version": "16.1.0-beta.1",
      "requires": {
        "@angular/core": ">=16.0.0-rc.4"
      },
      "description": "Update server executors' configuration to disable 'buildOptimizer' for non optimized builds.",
      "factory": "./src/migrations/update-16-1-0/update-server-executor-config",
      "package": "@nx/angular",
      "name": "update-server-executor-config"
    },
    {
      "cli": "nx",
      "version": "16.1.0-beta.1",
      "requires": {
        "@angular/core": ">=16.0.0"
      },
      "description": "Update the @angular/cli package version to ~16.0.0.",
      "factory": "./src/migrations/update-16-1-0/update-angular-cli",
      "package": "@nx/angular",
      "name": "update-angular-cli-version-16-0-0"
    },
    {
      "cli": "nx",
      "version": "16.2.0-beta.0",
      "requires": {
        "@ngrx/store": ">=16.0.0"
      },
      "description": "Switch the data persistence operator imports to '@ngrx/router-store/data-persistence'.",
      "factory": "./src/migrations/update-16-2-0/switch-data-persistence-operators-imports-to-ngrx-router-store",
      "package": "@nx/angular",
      "name": "switch-data-persistence-operators-imports-to-ngrx-router-store"
    },
    {
      "cli": "nx",
      "version": "16.4.0-beta.6",
      "requires": {
        "@angular-eslint/eslint-plugin-template": ">=16.0.0"
      },
      "description": "Remove the 'accessibility-' prefix from '@angular-eslint/eslint-plugin-template' rules.",
      "factory": "./src/migrations/update-16-4-0/rename-angular-eslint-accesibility-rules",
      "package": "@nx/angular",
      "name": "rename-angular-eslint-accesibility-rules"
    },
    {
      "cli": "nx",
      "version": "16.4.0-beta.11",
      "requires": {
        "@angular/core": ">=16.1.0"
      },
      "description": "Update the @angular/cli package version to ~16.1.0.",
      "factory": "./src/migrations/update-16-4-0/update-angular-cli",
      "package": "@nx/angular",
      "name": "update-angular-cli-version-16-1-0"
    },
    {
      "version": "16.0.0",
      "description": "As of Angular v16, the `moduleId` property of `@Component` is deprecated as it no longer has any effect.",
      "factory": "./migrations/remove-module-id/bundle",
      "package": "@angular/core",
      "name": "migration-v16-remove-module-id"
    },
    {
      "version": "16.0.0",
      "description": "In Angular version 15.2, the guard and resolver interfaces (CanActivate, Resolve, etc) were deprecated. This migration removes imports and 'implements' clauses that contain them.",
      "factory": "./migrations/guard-and-resolve-interfaces/bundle",
      "package": "@angular/core",
      "name": "migration-v16-guard-and-resolve-interfaces"
    },
    {
      "version": "16.0.0-0",
      "description": "Updates the Angular Material to v16",
      "factory": "./ng-update/index_bundled#updateToV16",
      "package": "@angular/material",
      "name": "migration-v16"
    },
    {
      "version": "16.0.0-0",
      "description": "Updates the Angular CDK to v16",
      "factory": "./ng-update/index#updateToV16",
      "package": "@angular/cdk",
      "name": "migration-v16"
    },
    {
      "description": "The road to v15.2",
      "version": "15.2.0",
      "factory": "./15_2_0/index",
      "package": "@ngrx/store",
      "name": "ngrx-store-migration-15-2-0"
    },
    {
      "description": "The road to v16.0-beta",
      "version": "16.0.0-beta",
      "factory": "./16_0_0-beta/index",
      "package": "@ngrx/store",
      "name": "ngrx-store-migration-16-0-0-beta"
    }
  ]
}
