{
  "$schema": "./node_modules/nx/schemas/nx-schema.json",
  "npmScope": "activepieces",
  "tasksRunnerOptions": {
    "default": {
      "runner": "nx-cloud",
      "options": {
        "cacheableOperations": ["build", "lint", "test", "e2e"],
        "accessToken": "Y2Y3YzhhNjYtZWI4OC00M2Y0LWIwY2ItMWJhNTBjYzA3ZDA0fHJlYWQtb25seQ=="
      }
    }
  },
  "targetDefaults": {
    "build": {
      "dependsOn": ["^build"],
      "inputs": ["production", "^production"]
    },
    "lint": {
      "inputs": ["default", "{workspaceRoot}/.eslintrc.json"]
    },
    "test": {
      "inputs": [
        "default",
        "^production",
        "{workspaceRoot}/jest.preset.js",
        "{workspaceRoot}/karma.conf.js"
      ]
    },
    "e2e": {
      "inputs": ["default", "^production"]
    }
  },
  "namedInputs": {
    "default": ["{projectRoot}/**/*", "sharedGlobals"],
    "production": [
      "default",
      "!{projectRoot}/.eslintrc.json",
      "!{projectRoot}/**/?(*.)+(spec|test).[jt]s?(x)?(.snap)",
      "!{projectRoot}/tsconfig.spec.json",
      "!{projectRoot}/jest.config.[jt]s",
      "!{projectRoot}/**/*.spec.[jt]s",
      "!{projectRoot}/karma.conf.js",
      "!{projectRoot}/src/test-setup.[jt]s"
    ],
    "sharedGlobals": []
  },
  "workspaceLayout": {
    "appsDir": "packages",
    "libsDir": "packages"
  },
  "generators": {
    "@nx/angular:application": {
      "style": "scss",
      "linter": "eslint",
      "e2eTestRunner": "none"
    },
    "@nx/angular:library": {
      "linter": "eslint"
    },
    "@nx/angular:component": {
      "style": "scss"
    }
  }
}
